alert-unique-id	alert-title	alert-trigger	unique-form-name	saved-with-form-status	alert-condition	ensure-logic-still-true	do-not-clear-recurrences	alert-stop-type	send-on	send-on-next-day-type	send-on-next-time	send-on-time-lag-days	send-on-time-lag-hours	send-on-time-lag-minutes	send-on-field-after	send-on-field	send-on-date	alert-send-how-many	every-time-type	repeat-for	repeat-for-units	repeat-for-max	alert-expiration	alert-type	email-from-display	email-from	email-to	email-cc	email-bcc	email-failed	email-subject	alert-message	sendgrid-template-id	sendgrid-template-data	sendgrid-mail-send-configuration	prevent-piping-identifiers	file-upload-fields	phone-number-to	alert-deactivated
A-2		SUBMIT-LOGIC	avian_influenza_follow_up	ANY	[symptoms_yn_fu] = '1'	Y	N	RECORD	NOW									ONCE						EMAIL	REDCap	sender_name@email.com	recipient_name1@gmail.com;recipient_name2@gmail.com				Avian Influenza Symptom Survey Alert	"<p>REDCap record ID: [record_id]</p>
<p>Name: [first_name] </p>
<p>Has self-reported symptoms and requires urgent follow up. See '<a href=""https://redcap.gvhealth.org.au/redcap/redcap_v16.0.9/DataExport/index.php?pid=213&amp;report_id=72"">Symptomatic Case List</a>' for contact details.</p>"		{}	{}	N			N
A-3		SUBMIT-LOGIC	avian_influenza_case_symptoms_treatment	ANY	[contact_symptoms_yn] = '1'	Y	N	RECORD	NOW									ONCE						EMAIL	REDCap	sender_name@email.com	recipient_name1@gmail.com;recipient_name2@gmail.com				Avian Influenza Symptomatic Contact Alert	"<p>REDCap record ID: [record_id]</p>
<p>Name: [first_name] </p>
<p>Has reported a symptomatic contact that requires urgent follow up. See '<a href=""https://redcap.gvhealth.org.au/redcap/redcap_v15.8.3/DataExport/index.php?pid=213&amp;report_id=71"">Reported Symptomatic Contacts of Cases List</a>' for contact details.</p>"		{}	{}	N			N
A-4		SUBMIT-LOGIC	avian_influenza_follow_up	ANY	[person_scoping_fu] = '1'	Y	N	RECORD	NOW									ONCE						EMAIL	REDCap	sender_name@email.com	recipient_name1@gmail.com;recipient_name2@gmail.com				Avian Influenza Symptomatic Contact Alert	"<p>REDCap record ID: [record_id]</p>
<p>Name: [first_name] </p>
<p>Has reported a symptomatic contact that requires urgent follow up. See '<a href=""https://redcap.gvhealth.org.au/redcap/redcap_v15.8.3/DataExport/index.php?pid=213&amp;report_id=71"">Reported Symptomatic Contacts of Cases List</a>' for contact details.</p>"		{}	{}	N			N
